{"nb": [2.491366386413574, 4.596707582473755, 10.534827709197998, 19.72824716567993, 36.86542010307312, 71.38924646377563, 270.3779776096344, 526.4661581516266, 1092.9783160686493], "lr": [3.080732822418213, 4.57576322555542, 11.150209665298462, 22.466919898986816, 41.19426226615906, 72.54298305511475, 307.77993083000183, 588.7605865001678, 1288.994749546051], "svm": [2.832425355911255, 4.15389347076416, 10.64852499961853, 22.27444887161255, 40.69563913345337, 68.08892345428467, 287.3123776912689, 553.8579499721527, 1107.9777216911316]}